YEARMONTH,EPISODE_ID,EVENT_ID,LOCATION_INDEX,RANGE,AZIMUTH,LOCATION,LATITUDE,LONGITUDE,LAT2,LON2
201004,37612,218794,1,1.1,"NW","GAINESVILLE NORTH",29.68,-82.33,2940,8219
201004,37613,218796,1,0,"SE","VIENNA",37.42,-88.9,3725,8854
201004,37613,218796,2,2,"S","VIENNA",37.39,-88.9,3723,8854
201004,37613,218797,1,0,"N","MT VERNON",38.32,-88.9,3819,8854
201004,37613,218797,2,2,"E","MT VERNON",38.32,-88.86,3819,8851
201004,37613,218798,1,0,"N","KARNAK",37.28,-88.97,3716,8858
201004,37613,218799,1,0,"NW","KARNAK",37.28,-88.97,3716,8858
201004,37613,218800,1,1,"E","GRAND CHAIN",37.27,-89,3716,8900
201004,37613,221349,1,.5,"S","ELDORADO",37.81,-88.43,3748,8825
201004,37613,221349,2,2,"WSW","COTTAGEGROVE",37.74,-88.43,3744,8825
201004,37614,218801,1,4,"S","MADISONVILLE",37.27,-87.5,3716,8730
201004,37614,218801,2,0,"N","EARLINGTON",37.27,-87.52,3716,8731
201004,37614,218802,1,2,"NE","PHILPOT",37.75,-86.95,3745,8657
201004,37614,218803,1,2,"NNW","CADIZ",36.9,-87.83,3654,8749
201004,37614,218803,2,5,"SSW","CADIZ",36.8,-87.85,3648,8751
201004,37614,218804,1,0,"NW","HAZEL",36.5,-88.32,3630,8819
201004,37614,218804,2,0,"N","HAMLIN",36.6,-88.07,3636,8804
201004,37614,219272,1,.78,"SE","KENNEDY",36.64,-87.39,3638,8723
201004,37614,219272,2,1.18,"E","BARKERS MILL",36.67,-87.33,3640,8719
201004,37614,219273,1,2.48,"WSW","SOUTH ZION",36.67,-87.32,3640,8719
201004,37614,219273,2,3.5,"SE","TRENTON",36.68,-87.23,3640,8713
201004,37614,219274,1,2,"SW","PEMBROKE",36.76,-87.38,3645,8722
201004,37614,219274,2,0,"SE","PEMBROKE",36.78,-87.35,3646,8721
201004,37614,221171,1,0,"E","KEVIL",37.08,-88.9,3704,8854
201004,37614,221171,2,4.5,"ENE","INGLESIDE",37.14,-88.84,3708,8850
201004,37612,218786,1,1.93,"ENE","PHIFER",29.71,-82.34,2942,8220
201004,37612,218787,1,2.16,"SSE","PHIFER",29.67,-82.36,2940,8221
201004,37612,218788,1,5.22,"ESE","BRANFORD",29.94,-82.85,2956,8251
201004,37612,218789,1,.69,"N","AIR BASE",29.69,-82.28,2941,8216
201004,37612,218790,1,1.2,"W","GAINESVILLE NORTH",29.67,-82.34,2940,8220
201004,37612,218791,1,2.19,"WSW","PHIFER",29.69,-82.4,2941,8224
201004,37612,218792,1,.48,"NNE","CROSS CREEK",29.49,-82.17,2929,8210
201004,37612,218793,1,1.39,"N","AIR BASE",29.7,-82.28,2942,8216
201004,37614,221353,1,0,"SSW","COBB",36.98,-87.77,3658,8746
201004,37614,221355,1,2,"E","HOPKINSVILLE",36.85,-87.44,3651,8726
201007,39970,232472,1,1,"N","HISEGA",44.06,-103.4,4403,10324
201007,39970,232473,1,2,"NE","ROCKERVILLE",43.97,-103.32,4358,10319
201004,37590,219959,1,4.01,"SE","BEEBE",35.02,-91.86,3501,9151
201004,37590,219959,2,1.88,"SSW","MC RAE",35.09,-91.83,3505,9149
201004,37590,219960,1,1.36,"S","KENSETT",35.21,-91.67,3512,9140
201004,37590,219960,2,1.73,"E","KENSETT",35.23,-91.64,3513,9138
201004,37590,219961,1,2.33,"W","WELDON",35.45,-91.27,3527,9116
201004,37590,219961,2,2.17,"NNE","BLACKVILLE",35.51,-91.16,3530,9109
201004,37590,222931,1,2.53,"E","MOUNTAIN SPGS",35.03,-92.03,3501,9201
201004,37590,222931,2,.77,"NE","JACKSONS STORE",34.99,-91.87,3459,9152
201004,37590,222931,3,2.84,"SW","WATERPROOF",34.89,-91.81,3453,9148
201004,37590,222931,4,1.16,"NNW","GERIDGE",34.55,-91.73,3433,9143
201004,37590,222931,5,.26,"SE","ENGLAND",34.55,-91.97,3433,9158
201004,37590,223296,1,1.78,"NW","SHILOH",35.55,-92.16,3533,9209
201004,37590,223299,1,1.06,"ENE","BRAWLEY",34.86,-94.3,3451,9418
201004,37590,223343,1,.75,"NW","PRICE PLACE",36.49,-92.61,3629,9236
201004,37590,223343,2,1.49,"NNE","PRICE PLACE",36.5,-92.59,3630,9235
201004,37590,223483,1,.56,"E","OAKLAND HGTS",35.27,-93.14,3516,9308
201004,37590,223484,1,0,"N","STORY",34.7,-93.52,3442,9331
201004,37590,223485,1,0,"N","FITZHUGH",35.35,-91.32,3521,9119
201004,37590,223486,1,1.38,"S","AMBOY",34.78,-92.28,3446,9216
201004,37590,223486,2,1.37,"SSW","LEVY",34.78,-92.28,3446,9216
201004,37590,223486,3,1.45,"WNW","NORTH LITTLE ROCK",34.78,-92.27,3446,9216
201004,37590,223486,4,1.52,"S","AMBOY",34.78,-92.28,3446,9216
201004,37590,223487,1,3,"S","THREE BROTHERS",36.41,-92.47,3624,9228
201004,37590,223489,1,2.39,"WNW","PRINCETON",33.99,-92.67,3359,9240
201004,37590,224144,1,1.18,"ENE","SEARCY",35.26,-91.73,3515,9143
201004,37590,224144,2,1.17,"WNW","DONIPHAN",35.26,-91.7,3515,9142
201004,37590,224144,3,1.01,"WSW","DONIPHAN",35.25,-91.7,3515,9142
201004,37590,224144,4,1.12,"E","SEARCY",35.25,-91.73,3515,9143
201004,37590,224145,1,1.18,"ENE","SEARCY",35.26,-91.73,3515,9143
201004,37590,224145,2,1.17,"WNW","DONIPHAN",35.26,-91.7,3515,9142
201004,37590,224145,3,1.01,"WSW","DONIPHAN",35.25,-91.7,3515,9142
201004,37590,224145,4,1.12,"E","SEARCY",35.25,-91.73,3515,9143
201004,37590,224148,1,.94,"WSW","HICKEYTOWN",35.39,-93.33,3523,9319
201004,37590,224149,1,0,"N","BERGMAN",36.32,-93,3619,9300
201004,37605,218752,1,4.21,"SW","BRAMPTON",45.95,-97.83,4557,9749
201004,37607,218755,1,15.98,"SSE","HYANNIS",41.79,-101.64,4147,10138
201004,37608,218762,1,5.08,"WSW","DUNNING",41.79,-100.21,4147,10012
201004,37608,218763,1,22.69,"SSW","AINSWORTH",42.23,-99.95,4213,9957
201004,37612,218779,1,3.3,"NNW","WILLIFORD",29.82,-82.83,2949,8249
201004,37612,218780,1,.6,"E","FT WHITE",29.92,-82.71,2955,8242
201004,37612,218781,1,2.27,"SE","SANTA FE LAKE",29.71,-82.05,2942,8203
201004,37612,218782,1,3.07,"ESE","BRANFORD",29.96,-82.88,2957,8252
201004,37612,218783,1,2.16,"SSE","FT WHITE",29.89,-82.71,2953,8242
201004,37612,218784,1,1.51,"NNW","GAINESVILLE NORTH",29.69,-82.33,2941,8219
201004,37612,218785,1,1.27,"NW","GAINESVILLE WEST",29.66,-82.35,2939,8221
201007,39957,232353,1,7,"NNE","STURGIS",44.51,-103.45,4430,10327
201007,39957,232356,1,2,"SE","WHITE OWL",44.58,-102.4,4434,10224
201007,39958,232361,1,0,"N","BOXELDER",44.12,-103.07,4407,10304
201007,39959,232398,1,6,"S","TUTHILL",43.06,-101.5,4303,10130
201007,39959,232402,1,6,"S","TUTHILL",43.06,-101.5,4303,10130
201007,39959,232405,1,.92,"ESE","HARRINGTON",43.16,-101.25,4309,10115
201007,39959,232410,1,.93,"ESE","HARRINGTON",43.16,-101.25,4309,10115
201007,39959,232417,1,2,"SW","PARMELEE",43.3,-101.05,4318,10103
201007,39959,232418,1,.56,"ENE","ROSEBUD",43.23,-100.86,4313,10051
201007,39959,232419,1,0,"N","ROSEBUD",43.23,-100.87,4313,10052
201007,39959,232423,1,2,"ESE","OKREEK",43.36,-100.34,4321,10020
201007,39959,232425,1,0,"N","WITTEN",43.43,-100.08,4325,10004
201007,39959,232427,1,0,"N","WINNER",43.37,-99.87,4322,9952
201007,39959,232430,1,2,"NE","WINNER",43.39,-99.84,4323,9950
201007,39961,232438,1,5,"NNW","CUSTER",43.84,-103.64,4350,10338
201007,39962,232441,1,0,"N","COLOME",43.25,-99.72,4315,9943
201007,39962,232442,1,0,"N","COLOME",43.25,-99.72,4315,9943
201007,39962,252112,1,0,"N","COLOME",43.25,-99.72,4315,9943
201007,39963,232446,1,7.92,"NW","ROCKYPOINT",44.99,-105.2,4459,10512
201007,39964,232447,1,7,"SSE","ROZET",44.19,-105.15,4411,10509
201007,39964,232448,1,7,"SSE","ROZET",44.19,-105.15,4411,10509
201007,39967,232459,1,.31,"S","CUSTER",43.77,-103.6,4346,10336
201007,39967,232463,1,1,"ENE","CUSTER",43.78,-103.58,4346,10334
201007,39967,232466,1,6.21,"ESE","CUSTER",43.74,-103.48,4344,10328
201007,39968,232470,1,3.24,"SW","COLOME",43.22,-99.76,4313,9945
201005,37554,236493,1,1.22,"E","LIBERTY",37.32,-84.93,3719,8455
201005,37554,236493,2,1.58,"E","LIBERTY",37.32,-84.92,3719,8455
201005,37554,236493,3,1.59,"E","LIBERTY",37.32,-84.92,3719,8455
201005,37554,236493,4,1.18,"ESE","LIBERTY",37.31,-84.93,3718,8455
201005,37554,236498,1,2.24,"ESE","MILLION",37.77,-84.34,3746,8420
201005,37554,236498,2,2.42,"ESE","MILLION",37.76,-84.34,3745,8420
201005,37554,236498,3,1.69,"SE","MILLION",37.76,-84.36,3745,8421
201005,37554,236498,4,1.48,"SE","MILLION",37.77,-84.36,3746,8421
201005,37554,236501,1,2.22,"NNW","REEDS CROSSING",37.76,-84.24,3745,8414
201005,37554,236501,2,1.96,"NW","REEDS CROSSING",37.75,-84.24,3745,8414
201005,37554,236501,3,1.68,"NNW","REEDS CROSSING",37.75,-84.23,3745,8413
201005,37554,236501,4,1.97,"NNW","REEDS CROSSING",37.76,-84.23,3745,8413
201005,37554,236504,1,1.1,"E","LIBERTY",37.32,-84.93,3719,8455
201005,37554,236504,2,1.79,"WNW","LANHAMTOWN",37.34,-84.91,3720,8454
201005,37554,236504,3,1.51,"N","LANHAMTOWN",37.35,-84.88,3721,8452
201005,37554,236504,4,.71,"NE","LANHAMTOWN",37.34,-84.87,3720,8452
201005,37554,236504,5,2.01,"WSW","LANHAMTOWN",37.31,-84.91,3718,8454
201005,37554,237130,1,.13,"WSW","REDHOUSE",37.83,-84.27,3749,8416
201005,37554,237130,2,.11,"WSW","REDHOUSE",37.83,-84.27,3749,8416
201005,37554,237130,3,.11,"WSW","REDHOUSE",37.83,-84.27,3749,8416
201005,37554,237130,4,.13,"WSW","REDHOUSE",37.83,-84.27,3749,8416
201005,37554,237144,1,1.6,"SE","DRY FORK",36.81,-85.9,3648,8554
201005,37554,237144,2,1.72,"ESE","DRY FORK",36.81,-85.89,3648,8553
201005,37554,237144,3,1.62,"SSW","ETOILE",36.81,-85.89,3648,8553
201005,37554,237144,4,1.59,"ESE","DRY FORK",36.81,-85.89,3648,8553
201005,37554,237147,1,1.21,"NNW","FOREST SPGS",36.67,-86.18,3640,8610
201005,37554,237147,2,1.2,"NNW","FOREST SPGS",36.67,-86.18,3640,8610
201005,37554,237147,3,1.2,"NNW","FOREST SPGS",36.67,-86.18,3640,8610
201005,37554,237147,4,1.21,"NNW","FOREST SPGS",36.67,-86.18,3640,8610
201005,37554,237151,1,.18,"SSW","STANFORD",37.53,-84.67,3731,8440
201005,37554,237151,2,.13,"S","STANFORD",37.53,-84.67,3731,8440
201005,37554,237151,3,.17,"SSE","STANFORD",37.53,-84.67,3731,8440
201005,37554,237151,4,.2,"S","STANFORD",37.53,-84.67,3731,8440
201005,37554,237230,1,.71,"ESE","SALVISA",37.92,-84.86,3755,8451
201005,37554,237230,2,.54,"W","SHAKERTOWN",37.82,-84.74,3749,8444
201005,37554,237230,3,.87,"NW","SHAKERTOWN",37.83,-84.74,3749,8444
201005,37554,237230,4,2.23,"ESE","EBENEZER",37.87,-84.78,3752,8446
201005,37554,237230,5,1.38,"SSE","OREGON",37.9,-84.82,3754,8449
201005,37554,237232,1,.33,"NE","NINEVAH",38.08,-84.88,3804,8452
201005,37554,237232,2,1.26,"WSW","TYRONE",38.02,-84.85,3801,8451
201005,37554,237232,3,.92,"W","TYRONE",38.03,-84.85,3801,8451
201005,37554,237232,4,2.06,"NW","TYRONE",38.05,-84.85,3803,8451
201005,37554,237232,5,2.51,"ENE","NINEVAH",38.09,-84.84,3805,8450
201005,37554,237234,1,1.38,"NNE","CLIFTON",38.1,-84.82,3806,8449
201005,37554,237234,2,1.69,"ESE","CAMP OTONKA",37.94,-84.77,3756,8446
201005,37554,237234,3,1.08,"SSE","CAMP OTONKA",37.94,-84.79,3756,8447
201005,37554,237234,4,.72,"S","CLIFTON",38.07,-84.83,3804,8449
201005,37554,237237,1,.3,"NNE","HIGH BRIDGE",37.82,-84.72,3749,8443
201005,37554,237237,2,1.57,"SW","WILMORE",37.83,-84.69,3749,8441
201005,37554,237237,3,1.46,"S","WILMORE",37.83,-84.67,3749,8440
201005,37554,237237,4,2.74,"ESE","HIGH BRIDGE",37.81,-84.67,3748,8440
201005,37554,237237,5,2.53,"SSE","WILMORE",37.81,-84.66,3748,8439
201005,37554,237237,6,1.18,"SSE","WILMORE",37.83,-84.66,3749,8439
201005,37554,237237,7,1.61,"SW","WILMORE",37.84,-84.69,3750,8441
201005,37554,237242,1,8.63,"SSW","LITTLE TEXAS",37.9,-84.69,3754,8441
201005,37554,237242,2,4.51,"NNW","YARNALLTON",38.16,-84.62,3809,8437
201005,37554,237242,3,1.84,"E","JIMTOWN",38.18,-84.34,3810,8420
201005,37554,237242,4,3.02,"E","ATHENS",37.95,-84.31,3757,8418
201005,37554,237245,1,.67,"SSE","WYANDOTTE",38.04,-84.25,3802,8415
201005,37554,237245,2,1.51,"NE","WINCHESTER HELIPORT",38.03,-84.15,3801,8409
201005,37554,237245,3,2.75,"ESE","WINCHESTER",37.97,-84.13,3758,8407
201005,37554,237245,4,1.8,"NNE","FOREST GROVE",37.98,-84.22,3758,8413
201005,37554,237246,1,1,"N","GREAT CROSSING",38.23,-84.6,3813,8436
201005,37554,237246,2,2.73,"NNE","GEORGETOWN",38.23,-84.53,3813,8431
201005,37554,237246,3,1.82,"SE","GEORGETOWN",38.18,-84.53,3810,8431
201005,37554,237246,4,2.62,"NNE","PAYNES DEPOT",38.18,-84.59,3810,8435
201005,37554,237248,1,1.59,"WNW","SHELBYVILLE",38.22,-85.26,3813,8515
201005,37554,237248,2,.37,"NE","SHELBYVILLE",38.22,-85.23,3813,8513
201005,37554,237248,3,1,"S","SNOW HILL",38.21,-85.22,3812,8513
201005,37554,237248,4,1.2,"E","JOYES",38.2,-85.26,3812,8515
201005,37554,237251,1,.62,"N","TAYLORSVILLE",38.04,-85.35,3802,8521
201005,37554,237251,2,.87,"ENE","TAYLORSVILLE",38.04,-85.34,3802,8520
201005,37554,237251,3,.8,"ESE","TAYLORSVILLE",38.03,-85.34,3801,8520
201005,37788,231628,1,0,"N","EMPIRE CITY",34.42,-98.04,3425,9802
201005,37788,231630,1,0,"W","LAWTON",34.61,-98.39,3436,9823
201005,37788,231632,1,2,"N","ELGIN",34.81,-98.29,3448,9817
201005,37788,231633,1,0,"N","RUSH SPRINGS",34.78,-97.96,3446,9757
201005,37788,231638,1,3.67,"ENE","NORGE",35.01,-97.94,3500,9756
201005,37788,231640,1,2,"NNW","NINNEKAH",34.98,-97.93,3458,9755
201005,37788,231641,1,7,"NW","VELMA",34.53,-97.76,3431,9745
201005,37788,231647,1,0,"N","VELMA",34.46,-97.67,3427,9740
201005,37788,231650,1,0,"N","LINDSAY",34.84,-97.61,3450,9736
201005,37788,231652,1,1.55,"WNW","(OUN)NORMAN WESTHEIMER ARPT",35.26,-97.49,3515,9729
201005,37788,231653,1,5,"SE","BLANCHARD",35.09,-97.6,3505,9736
201005,37788,231655,1,5.56,"S","DALE",35.31,-97.04,3518,9702
201005,37788,231656,1,4,"N","PRAGUE",35.55,-96.69,3533,9641
201005,37788,231657,1,0,"N","PRAGUE",35.49,-96.69,3529,9641
201005,37788,231659,1,0,"W","LITTLE",35.35,-96.67,3521,9640
201005,37788,231660,1,0,"N","VANOSS",34.76,-96.87,3445,9652
201005,37788,231662,1,7,"NW","VINSON",34.97,-99.95,3458,9957
201005,37788,231662,2,7,"NNW","VINSON",34.99,-99.91,3459,9954
201005,37788,231667,1,3.75,"SE","CLINTON",35.47,-98.93,3528,9855
201005,37788,231667,2,6.28,"ESE","ARAPAHO",35.54,-98.86,3532,9851
201005,37788,231837,1,4,"WNW","NEWCASTLE",35.27,-97.67,3516,9740
201005,37788,231841,1,9,"S","ALTUS",34.51,-99.33,3430,9919
201005,37788,231845,1,0,"N","ALTUS",34.64,-99.33,3438,9919
201005,37788,232003,1,2.83,"NE","BESSIE",35.41,-98.96,3524,9857
201005,37788,232003,2,3.75,"SE","CLINTON",35.47,-98.93,3528,9855
201005,37790,231571,1,0,"N","KNOX CITY",33.42,-99.82,3325,9949
201005,37790,231572,1,0,"NW","IOWA PARK",33.95,-98.67,3357,9840
201005,37790,231574,1,0,"W","WICHITA FALLS",33.91,-98.49,3354,9829
201005,37790,231575,1,1,"E","BURKBURNETT",34.09,-98.54,3405,9832
201005,37790,231576,1,0,"N","HENRIETTA",33.82,-98.19,3349,9811
201005,37790,231583,1,0,"N","CHILLICOTHE",34.26,-99.51,3415,9930
201005,37818,220111,1,.95,"NW","LINTON",36.69,-87.91,3641,8754
201005,37818,220111,2,3.5,"SE","CADIZ",36.83,-87.78,3649,8746
201005,37818,220113,1,0,"WSW","HOPKINSVILLE",36.85,-87.48,3651,8728
201005,37818,220113,2,5,"NNW","HOPKINSVILLE",36.92,-87.51,3655,8730
201005,37818,220122,1,.82,"NNW","POTTERTOWN",36.63,-88.18,3637,8810
201005,37818,220122,2,3.79,"N","HAMLIN",36.65,-88.08,3639,8804
201005,37818,229691,1,0,"N","KUTTAWA",37.07,-88.12,3704,8807
201005,37818,229692,1,0,"N","CADIZ",36.87,-87.82,3652,8749
201005,37818,229693,1,0,"N","MURRAY",36.62,-88.32,3637,8819
201005,37818,229693,2,0,"N","NEW CONCORD",36.55,-88.15,3633,8809
201005,37818,229698,1,2.28,"N","FIDDLE BOW",37.3,-87.67,3718,8740
201005,37818,229699,1,0,"N","PEMBROKE",36.78,-87.35,3646,8721
201005,37818,229704,1,1.72,"N","HENDERSON",37.85,-87.58,3751,8734
201005,37818,229704,2,1.98,"E","ANTHOSTON",37.77,-87.49,3746,8729
201005,37818,229705,1,.73,"NNE","MC DONALDS",37.31,-87.25,3718,8715
201005,37818,229705,2,1.34,"W","MC DONALDS",37.3,-87.27,3718,8716
201005,37819,234145,1,2.25,"NE","SEASIDE PARK",39.94,-74.07,3956,7404
201005,37819,234146,1,.55,"S","DEWEY BEACH",38.69,-75.07,3841,7504
201005,37820,234054,1,0,"N","NEWARK",39.68,-75.75,3940,7545
201005,37820,234063,1,0,"N","BEAR",39.63,-75.67,3937,7540
201005,37820,234065,1,0,"N","NEW CASTLE",39.67,-75.57,3940,7534
201005,37820,234070,1,0,"N","HOCKESSIN",39.78,-75.68,3946,7540
201005,37820,234078,1,0,"N","MILLSBORO",38.58,-75.3,3834,7518
201005,37820,234080,1,0,"N","GUMBORO",38.48,-75.37,3828,7522
201005,37821,234046,1,.35,"ENE","FAIR HILL",39.7,-75.86,3942,7551
201005,37821,234046,2,1.71,"NE","COWENTOWN",39.7,-75.8,3942,7548
201005,37822,234084,1,0,"N","BORDENTOWN",40.15,-74.7,4009,7442
201005,37822,234085,1,.87,"SE","TAUNTON LAKE",39.84,-74.84,3950,7450
201005,37822,234086,1,1.38,"S","OAK SHADE",39.85,-74.75,3951,7445
201005,37822,234087,1,2.11,"W","DAVIS",40.15,-74.56,4009,7433
201005,37822,234089,1,1.26,"ESE","PROSPERTOWN",40.12,-74.45,4007,7427
201005,37822,234090,1,.78,"N","WHITESVILLE",40.08,-74.27,4004,7416
201005,37822,234116,1,1.52,"SW","OSBORNSVILLE",40.01,-74.12,4000,7407
201005,37822,234116,2,.28,"E","CHADWICK",40,-74.06,4000,7403
201005,37822,234128,1,0,"N","NEW EGYPT",40.07,-74.53,4004,7431
201005,37822,234134,1,0,"N","GLASSBORO",39.72,-75.12,3943,7507
201005,37822,234137,1,0,"N","BRIDGETON",39.43,-75.23,3925,7513
201005,37822,234137,2,.85,"WNW","BRIDGETON CALZI ARPT",39.4,-75.25,3924,7515
201005,37822,234138,1,0,"N","BRIDGETON",39.43,-75.23,3925,7513
201005,37822,234139,1,0,"N","VINELAND",39.48,-75.03,3928,7501
201005,37822,234140,1,0,"N","BRICK TOWN",40.07,-74.13,4004,7407
201005,37822,234141,1,0,"N","GLASSBORO",39.72,-75.12,3943,7507
201005,37822,234142,1,0,"N","SOUTH DENNIS",39.18,-74.83,3910,7449
201005,37822,234143,1,.87,"NE","WEST CREEK",39.64,-74.29,3938,7417
201005,37822,234144,1,3.81,"SSW","TUCKERTON",39.55,-74.36,3933,7421
201005,37823,234000,1,0,"N","NEW TRIPOLI",40.68,-75.75,4040,7545
201005,37823,234001,1,.69,"N","FOGELSVILLE",40.59,-75.63,4035,7537
201005,37823,234003,1,0,"N","SCHNECKSVILLE",40.67,-75.62,4040,7537
201005,37823,234003,2,.75,"N","ALLENTOWN MUNI",40.58,-75.48,4034,7528
201005,37823,234007,1,0,"N","ALLENTOWN",40.62,-75.48,4037,7528
201005,37823,234010,1,0,"N","EMMAUS",40.53,-75.48,4031,7528
201005,37823,234016,1,0,"N","ALLENTOWN",40.62,-75.48,4037,7528
201005,37823,234018,1,.23,"WNW","PENNSIDE",40.33,-75.88,4019,7552
201005,37823,234031,1,1.05,"E","SILVERDALE",40.35,-75.25,4021,7515
201005,37824,220114,1,0,"N","OAKLAND CITY",38.33,-87.35,3819,8721
201005,37835,220138,1,8.98,"SSE","ACME",33.46,-104.27,3327,10416
201005,37835,220139,1,.27,"NNW","SAN PATRICIO",33.41,-105.33,3324,10519
201005,37835,220140,1,0,"N","HONDO",33.38,-105.26,3322,10515
201005,37835,220141,1,.58,"E","PICACHO",33.35,-105.14,3321,10508
201005,37835,220142,1,3.94,"NE","RUIDOSO DOWNS",33.37,-105.55,3322,10533
201005,37835,220142,2,4.17,"NE","RUIDOSO DOWNS",33.37,-105.55,3322,10533
201005,37835,220143,1,7.99,"N","JEMEZ SPGS",35.88,-106.66,3552,10639
201005,37835,224411,1,8,"N","(ROW)ROSWELL IND AIRPORT",33.43,-104.51,3325,10430
201005,37836,220144,1,25,"W","LAKE ARTHUR",33,-104.8,3300,10448
201005,37842,220202,1,.57,"E","NORTH VALIANT",34,-95.09,3400,9505
201005,37842,220203,1,.57,"E","NORTH VALIANT",34,-95.09,3400,9505
201005,37842,220206,1,.57,"E","IDABEL",33.9,-94.82,3354,9449
201005,37842,220207,1,.57,"E","IDABEL",33.9,-94.82,3354,9449
201005,37842,220222,1,1.5,"NNE","GOODWATER",33.94,-94.56,3356,9433
201005,37843,220205,1,.9,"SW","CLARKSVILLE",33.61,-95.06,3336,9503
201005,37843,220208,1,3.58,"E","BULLARD",32.14,-95.27,3208,9516
201005,37843,220211,1,.69,"N","NEW BOSTON",33.46,-94.42,3327,9425
201005,37844,220209,1,.9,"NW","BLANCHARD",32.59,-93.89,3235,9353
201005,37844,220212,1,1.36,"ENE","SLIGO",32.46,-93.56,3227,9333
201005,37844,220214,1,.58,"E","FILLMORE",32.57,-93.51,3234,9330
201005,37844,220215,1,1.5,"NNE","PRINCETON",32.6,-93.51,3236,9330
201005,37844,220218,1,.69,"S","BODCAU",32.52,-93.58,3231,9334
201005,37845,220210,1,3.17,"ESE","BURG",34.21,-94.02,3412,9401
201005,37845,220213,1,2.68,"WSW","ARDEN",33.66,-94.32,3339,9419
201005,37845,220216,1,0,"N","ASHDOWN",33.67,-94.13,3340,9407
201005,37845,220217,1,0,"N","NASHVILLE",33.93,-93.85,3355,9351
201005,37845,220219,1,2.69,"NW","BINGEN",34,-93.81,3400,9348
201005,37845,220220,1,.69,"N","BINGEN",33.98,-93.78,3358,9346
201005,37845,220221,1,1.15,"W","BINGEN",33.97,-93.8,3358,9348
201005,37846,220223,1,1.8,"NE","POLLARD",33.8,-94.7,3348,9442
201005,37847,220224,1,3.63,"NE","MARTHAVILLE",31.77,-93.36,3146,9321
201005,37847,220225,1,3.63,"NE","MARTHAVILLE",31.77,-93.36,3146,9321
201005,37847,220226,1,0,"N","THOMPSON FERRY",31.58,-92.33,3134,9219
201005,37847,220244,1,4.31,"NNW","MARTHAVILLE",31.79,-93.42,3147,9325
201005,37847,220245,1,4.31,"NNW","MARTHAVILLE",31.79,-93.42,3147,9325
201005,37847,220993,1,1.17,"E","MANSFIELD",32.03,-93.7,3201,9342
201005,37848,220256,1,2.12,"SE","MIDDLE PT",40.83,-84.4,4049,8424
201005,37848,220256,2,3.73,"ESE","MIDDLE PT",40.84,-84.36,4050,8421
201005,37848,228999,1,3.73,"ESE","MIDDLE PT",40.84,-84.36,4050,8421
201005,37848,228999,2,4.75,"E","MIDDLE PT",40.84,-84.34,4050,8420
201005,37848,229000,1,1,"NNW","DELPHOS",40.84,-84.34,4050,8420
201005,37848,229000,2,1.79,"NE","DELPHOS",40.85,-84.3,4051,8418
201005,37856,220240,1,6.78,"WSW","VALKARIA ARPT",27.92,-80.67,2755,8040
201005,37856,220240,2,5.62,"SW","VALKARIA ARPT",27.92,-80.65,2755,8039
201005,37554,237251,4,.22,"S","TAYLORSVILLE",38.03,-85.35,3801,8521
201005,37554,237254,1,.79,"W","SPRINGFIELD",37.68,-85.23,3740,8513
201005,37554,237254,2,1.16,"NNW","SPRINGFIELD",37.7,-85.23,3742,8513
201005,37554,237254,3,1.03,"NE","SPRINGFIELD",37.69,-85.2,3741,8512
201005,37554,237254,4,.55,"ESE","SPRINGFIELD",37.68,-85.21,3740,8512
201005,37554,237255,1,1,"SE","WAGO",36.71,-85.16,3642,8509
201005,37554,237255,2,1.68,"SSW","UPCHURCH",36.71,-85.11,3642,8506
201005,37554,237255,3,1.09,"ENE","ALBANY",36.68,-85.11,3640,8506
201005,37554,237255,4,1.2,"WNW","ALBANY",36.68,-85.15,3640,8509
201005,37554,237256,1,.53,"NNE","ESTO",37.01,-85.1,3700,8506
201005,37554,237256,2,1.46,"SE","MIDDLETOWN",37,-85.05,3700,8503
201005,37554,237256,3,1.55,"E","JAMESTOWN",36.98,-85.04,3658,8502
201005,37554,237256,4,.89,"WSW","JAMESTOWN",36.98,-85.08,3658,8504
201005,37554,237257,1,1.84,"NW","COLUMBIA",37.12,-85.33,3707,8519
201005,37554,237257,2,1.21,"W","GARLIN",37.12,-85.27,3707,8516
201005,37554,237257,3,1.86,"SE","COLUMBIA",37.08,-85.28,3704,8516
201005,37554,237257,4,.67,"ENE","COLUMBIA LUDOT ARPT",37.08,-85.32,3704,8519
201005,37554,237259,1,.82,"W","CEDAR FLAT",36.95,-85.61,3657,8536
201005,37554,237259,2,1.39,"SSE","CAVE RIDGE",36.98,-85.66,3658,8539
201005,37554,237259,3,.38,"S","CLARKS CORNER",37.02,-85.65,3701,8539
201005,37554,237259,4,1.01,"WNW","CORK",37.04,-85.59,3702,8535
201005,37554,237259,5,.57,"SSW","GASCON",36.99,-85.57,3659,8534
201005,37554,237259,6,.98,"N","CURTIS",36.94,-85.57,3656,8534
201005,37554,237269,1,1.41,"NNW","BURKESVILLE",36.8,-85.38,3648,8522
201005,37554,237269,2,.55,"WNW","DOUGAN TOWN",36.8,-85.36,3648,8521
201005,37554,237269,3,.56,"SW","DOUGAN TOWN",36.79,-85.36,3647,8521
201005,37554,237269,4,.4,"WNW","BURKESVILLE",36.78,-85.38,3646,8522
201005,37554,237273,1,2.03,"WNW","TOMPKINSVILLE",36.71,-85.71,3642,8542
201005,37554,237273,2,.49,"S","GRANDVIEW",36.71,-85.68,3642,8540
201005,37554,237273,3,.13,"SSW","TOMPKINSVILLE",36.7,-85.68,3642,8540
201005,37554,237273,4,1.39,"WSW","TOMPKINSVILLE",36.7,-85.7,3642,8542
201005,37554,237274,1,1.48,"NNW","AUDUBON PARK",38.22,-85.74,3813,8544
201005,37554,237275,1,0,"N","GEORGETOWN",38.2,-84.55,3812,8433
201005,37554,237276,1,2.28,"ESE","LEXINGTON",38.04,-84.46,3802,8427
201005,37554,237277,1,0,"N","ALLENDALE",37.37,-85.58,3722,8534
201005,37554,237278,1,0,"N","OLMSTEAD",36.75,-87.02,3645,8701
201005,37554,237279,1,2.89,"NNW","GAMALIEL",36.67,-85.8,3640,8548
201005,37554,237297,1,4.3,"W","TOMPKINSVILLE",36.7,-85.76,3642,8545
201005,37554,237297,2,1.4,"E","TOMPKINSVILLE",36.7,-85.65,3642,8539
201005,37554,237349,1,1.38,"NNW","BEDFORD",38.6,-85.33,3836,8519
201005,37554,237349,2,1.25,"NNE","BEDFORD",38.6,-85.31,3836,8518
201005,37554,237349,3,.88,"NNE","BEDFORD",38.59,-85.31,3835,8518
201005,37554,237349,4,.77,"N","BEDFORD",38.59,-85.32,3835,8519
201005,37554,237610,1,2.84,"WNW","MAYNARD",36.78,-86.13,3646,8607
201005,37554,237610,2,2.35,"W","AMOS",36.64,-86.12,3638,8607
201005,37554,237610,3,2.16,"WNW","FLEET",36.66,-86.32,3639,8619
201005,37554,237610,4,1.32,"W","RED HILL",36.73,-86.32,3643,8619
201005,37554,237610,5,1.58,"SW","HALIFAX",36.82,-86.25,3649,8615
201005,37586,224891,1,.98,"ESE","SANDY HOOK BAY",40.46,-74,4027,7400
201005,37587,226180,1,1.28,"SE","SOUTH EASTON",40.66,-75.21,4039,7512
201005,37587,226181,1,.87,"NW","CHALFONT",40.29,-75.21,4017,7512
201005,37587,226181,2,.53,"E","GARDENVILLE",40.37,-75.09,4022,7505
201005,37587,226182,1,1.06,"W","HOLLAND",40.2,-75,4012,7500
201005,37587,229583,1,.32,"W","JIM THORPE",40.87,-75.74,4052,7544
201005,37587,229583,2,1.37,"S","LEHIGHTON CARBON ARP",40.8,-75.77,4048,7546
201005,37588,226183,1,1.23,"SW","MILLTOWN ZIGFIELD AR",40.39,-74.45,4023,7427
201005,37588,226183,2,1.7,"SSE","MILLTOWN",40.43,-74.42,4025,7425
201005,37588,226184,1,0,"N","LAWRENCEVILLE",40.3,-74.73,4018,7443
201005,37588,226184,2,0,"N","PRINCETON JCT",40.32,-74.62,4019,7437
201005,37588,226185,1,0,"N","FAR HILLS",40.68,-74.63,4040,7437
201005,37588,226186,1,1.33,"S","HARLINGEN",40.43,-74.67,4025,7440
201005,37588,226187,1,.87,"NE","MT PLEASANT",40.59,-75.04,4035,7502
201005,37588,226187,2,1.26,"ESE","WERTSVILLE",40.44,-74.78,4026,7446
201005,37588,226188,1,0,"N","JAMESBURG",40.35,-74.43,4021,7425
201005,37588,226188,2,.95,"S","JAMESBURG",40.34,-74.43,4020,7425
201005,37592,219257,1,1.11,"NNW","BEMIS",35.19,-91.08,3511,9104
201005,37592,219257,2,1.73,"NNE","PENROSE",35.2,-91.04,3512,9102
201005,37592,219261,1,3.55,"S","HERBINE",33.77,-92.03,3346,9201
201005,37592,219261,2,3.2,"S","HERBINE",33.77,-92.03,3346,9201
201005,37592,219262,1,7.74,"SE","ARTESIAN",33.31,-92.39,3318,9223
201005,37592,219262,2,7.57,"SE","ARTESIAN",33.32,-92.38,3319,9222
201005,37592,219263,1,1.54,"NNW","MORO BAY",33.32,-92.38,3319,9222
201005,37592,219263,2,3.23,"NNE","MORO BAY",33.35,-92.36,3321,9221
201005,37592,219271,1,1.54,"ESE","NEW SUMMIT",34.62,-92.51,3437,9230
201005,37592,219271,2,1.24,"WNW","COLLEGEVILLE",34.63,-92.49,3437,9229
201005,37592,219271,3,1.31,"N","COLLEGEVILLE",34.65,-92.47,3439,9228
201005,37592,219271,4,1.34,"NNE","COLLEGEVILLE",34.65,-92.46,3439,9227
201005,37592,219271,5,.61,"SE","COLLEGEVILLE",34.62,-92.46,3437,9227
201005,37592,219271,6,.92,"NNE","PINE HAVEN",34.58,-92.5,3434,9230
201005,37592,219271,7,.94,"W","BAUXITE JCT",34.58,-92.54,3434,9232
201005,37592,219271,8,1.85,"SSW","NEW SUMMIT",34.6,-92.54,3436,9232
201005,37592,222930,1,2.29,"NNW","CABOT",35,-92.04,3500,9202
201005,37592,223306,1,0,"N","ENGLAND",34.55,-91.97,3433,9158
201005,37592,223311,1,3.53,"S","LONOKE",34.73,-91.92,3443,9155
201005,37592,223311,2,1.67,"SSE","PETTUS",34.63,-91.91,3437,9154
201005,37592,223312,1,1.03,"N","HAYWOOD",34.38,-91.95,3422,9157
201005,37592,223313,1,0,"N","SULPHUR ROCK",35.75,-91.5,3545,9130
201005,37592,223511,1,1.05,"WSW","HAIG",34.82,-92.34,3449,9220
201005,37592,223511,2,1.36,"WSW","HAIG",34.81,-92.34,3448,9220
201005,37592,223511,3,1.4,"WSW","HAIG",34.81,-92.34,3448,9220
201005,37592,223511,4,1.06,"W","HAIG",34.82,-92.34,3449,9220
201005,37592,223512,1,0,"N","ROYAL",34.52,-93.23,3431,9313
201005,37592,223513,1,2,"NW","STAR CITY",33.97,-91.87,3358,9152
201005,37592,223514,1,1.59,"NNW","PARNELL",34.94,-92.01,3456,9200
201005,37592,223515,1,.96,"S","BENTON SALINE CO ARP",34.56,-92.6,3433,9236
201005,37592,223515,2,.99,"SSE","BENTON SALINE CO ARP",34.56,-92.6,3433,9236
201005,37592,223515,3,1.06,"S","BENTON SALINE CO ARP",34.55,-92.6,3433,9236
201005,37592,223515,4,1.02,"S","BENTON SALINE CO ARP",34.56,-92.6,3433,9236
201005,37592,223516,1,1.87,"S","LACY",33.6,-92.22,3336,9213
201005,37592,223517,1,1.49,"NNE","VIMY RIDGE",34.62,-92.41,3437,9224
201005,37592,224154,1,0,"N","MAYFLOWER",34.95,-92.43,3457,9225
201005,37592,224155,1,3,"NE","HAMLET",35.11,-92.28,3506,9216
201005,37592,224158,1,3,"SE","PINE BLUFF",34.19,-91.98,3411,9158
201005,37592,224159,1,2,"N","STUTTGART",34.53,-91.55,3431,9133
201005,37592,224161,1,1.07,"ESE","SOUTH BEND",34.04,-91.45,3402,9127
201005,37592,224166,1,1.16,"E","CAMMACK VLG",34.77,-92.33,3446,9219
201005,37592,224168,1,0,"N","BENTON",34.57,-92.58,3434,9234
201005,37592,224174,1,0,"N","CABOT",34.97,-92.02,3458,9201
201005,37592,228971,1,2.92,"W","RYE",33.74,-92.03,3344,9201
201005,37592,228971,2,2.11,"SSE","PANSY",33.79,-91.99,3347,9159
201005,37592,228972,1,2.23,"S","PANSY",33.79,-92,3347,9200
201005,37603,218747,1,.69,"N","MADDOCK MUNI ARPT",47.99,-99.53,4759,9931
201005,37603,218748,1,3.97,"WNW","HOLMES",47.74,-97.38,4744,9722
201005,37604,218750,1,5.96,"SE","ERHARD",46.42,-96.01,4625,9600
201005,37606,218753,1,1.93,"ENE","LITTLE CREEK",36.29,-86.75,3617,8645
201005,37606,218753,2,1.88,"N","AMQUI",36.31,-86.69,3618,8641
201005,37606,218754,1,2.27,"NNW","ROCKLAND",36.33,-86.64,3619,8638
201005,37606,218754,2,1.97,"WNW","OCANA",36.39,-86.58,3623,8634
201005,37606,218965,1,2.24,"SW","BEARDSTOWN",35.7,-87.85,3542,8751
201005,37606,218965,2,3.97,"SSE","LOBELVILLE",35.72,-87.73,3543,8743
201005,37606,218968,1,3.87,"WNW","COBLE",35.79,-87.7,3547,8742
201005,37606,218968,2,2.24,"SW","VERNON",35.85,-87.55,3551,8733
201005,37606,219120,1,1.11,"ESE","GRAHAM STATION",35.89,-87.51,3553,8730
201005,37606,219120,2,1.99,"ESE","PINEWOOD",35.91,-87.45,3554,8727
201005,37606,224142,1,38,"WNW","CEDAR GROVE",35.84,-87.27,3550,8716
201005,37606,224142,2,36.7,"WNW","CEDAR GROVE",35.86,-87.23,3551,8713
201005,37606,224397,1,0,"N","LIVINGSTON",36.38,-85.32,3622,8519
201005,37862,220257,1,4.58,"SW","ZENDA",37.4,-98.34,3724,9820
201005,37862,220257,2,2.54,"S","ZENDA",37.41,-98.29,3724,9817
201005,37862,220259,1,6.02,"NE","RAGO",37.5,-97.99,3730,9759
201005,37862,220259,2,6.56,"NW","NORWICH",37.52,-97.94,3731,9756
201005,37862,220263,1,4.13,"E","HUNNEWELL",37,-97.35,3700,9721
201005,37862,220263,2,4.82,"SE","SOUTH HAVEN",37.01,-97.33,3700,9719
201005,37862,220287,1,4.84,"N","NORWICH",37.52,-97.84,3731,9750
201005,37862,220287,2,6.25,"NNE","NORWICH",37.53,-97.81,3731,9748
201005,37862,220307,1,6.18,"SSE","GARDEN PLAIN",37.59,-97.64,3735,9738
201005,37862,220307,2,4.77,"SSE","GODDARD",37.6,-97.55,3736,9733
201005,37862,220308,1,1.05,"E","ARKANSAS CITY",37.07,-97.03,3704,9701
201005,37862,220308,2,2.38,"ENE","ARKANSAS CITY",37.08,-97.01,3704,9700
201005,37862,220458,1,4.76,"ENE","ARKANSAS CITY",37.1,-96.97,3706,9658
201005,37862,220458,2,5.42,"ENE","ARKANSAS CITY",37.1,-96.96,3706,9657
201005,37862,220465,1,3.85,"SW","GRENOLA",37.31,-96.5,3718,9630
201005,37862,220465,2,3.58,"SW","GRENOLA",37.32,-96.5,3719,9630
201005,37862,232129,1,.9,"SSE","NASHVILLE",37.44,-98.42,3726,9825
201005,37862,232131,1,.92,"SSE","NASHVILLE",37.44,-98.42,3726,9825
201005,37862,232132,1,.55,"W","BLUFF CITY",37.08,-97.88,3704,9752
201005,37862,232133,1,2.07,"S","PENALOSA",37.69,-98.32,3741,9819
201005,37862,232134,1,.88,"NW","CALDWELL",37.04,-97.61,3702,9736
201005,37862,232135,1,8.12,"E","MILBERGER",38.73,-98.77,3843,9846
201005,37862,232136,1,2.27,"WSW","GREAT BEND",38.36,-98.81,3821,9848
201005,37862,232137,1,2.14,"SSW","ANDOVER",37.69,-97.14,3741,9708
201005,37862,232138,1,2.14,"SSW","ANDOVER",37.69,-97.14,3741,9708
201005,37862,232139,1,3.43,"SE","ANDOVER",37.69,-97.08,3741,9704
201005,37862,232140,1,.77,"SSE","WINFIELD",37.24,-96.97,3714,9658
201005,37862,236396,1,2.15,"SE","SPIVEY",37.43,-98.14,3725,9808
201005,37862,236397,1,.55,"E","KINGMAN",37.65,-98.11,3739,9806
201005,37862,236398,1,0,"N","SPIVEY",37.45,-98.17,3727,9810
201005,37862,236402,1,3.5,"N","RAGO",37.5,-98.08,3730,9804
201005,37862,236403,1,2.36,"WNW","KINGMAN MUNI ARPT",37.68,-98.16,3740,9809
201005,37862,236410,1,6.24,"S","MURDOCK",37.53,-97.94,3731,9756
201005,37862,236413,1,6.24,"S","MURDOCK",37.53,-97.94,3731,9756
201005,37862,236418,1,2.47,"S","NORWICH",37.41,-97.84,3724,9750
201005,37862,236421,1,4.98,"W","NORWICH",37.46,-97.94,3727,9756
201005,37862,236428,1,4.15,"N","NORWICH",37.51,-97.85,3730,9751
201005,37862,236429,1,0,"N","CHENEY",37.63,-97.78,3737,9746
201005,37862,236430,1,3.01,"NE","CHENEY",37.66,-97.74,3739,9744
201005,37862,236435,1,.55,"E","ARKANSAS CITY",37.07,-97.04,3704,9702
201005,37862,236436,1,.55,"E","DERBY",37.55,-97.26,3733,9715
201005,37862,236437,1,1.1,"E","HAYSVILLE",37.57,-97.35,3734,9721
201005,37862,236438,1,3.56,"NNW","MURDOCK",37.67,-97.95,3740,9757
201005,37862,236446,1,.88,"SE","ALDEN",38.24,-98.31,3814,9818
201005,37862,236448,1,.69,"N","AUGUSTA",37.69,-96.98,3741,9658
201005,37862,236458,1,.69,"S","POTWIN",37.94,-97.02,3756,9701
201005,37862,236459,1,.69,"N","LEON",37.69,-96.78,3741,9646
201005,37862,236466,1,4.69,"SSW","GODDARD",37.61,-97.62,3736,9737
201005,37862,236467,1,2.22,"WSW","ROSALIA",37.81,-96.66,3748,9639
201005,37862,236481,1,.37,"WNW","(ICT)WICHITA ARPT",37.65,-97.44,3739,9726
201005,37862,236486,1,2.71,"NE","DOUGLASS",37.55,-96.99,3733,9659
201005,37862,236488,1,.55,"E","EL DORADO",37.82,-96.86,3749,9651
201005,37862,236489,1,1.49,"NW","REECE",37.81,-96.47,3748,9628
201005,37862,236505,1,2.65,"NW","DEXTER",37.21,-96.75,3712,9645
201005,37862,236507,1,.55,"E","EUREKA",37.82,-96.29,3749,9617
201005,37862,236509,1,.55,"E","EUREKA",37.82,-96.29,3749,9617
201005,37862,236513,1,.54,"W","MADISON",38.13,-96.14,3807,9608
201005,37862,236514,1,6,"NW","EUREKA ARPT",37.9,-96.39,3754,9623
201005,37862,236517,1,0,"N","SEDAN",37.13,-96.18,3707,9610
201005,37862,236519,1,6,"NW","YATES CENTER",37.93,-95.82,3755,9549
201005,37862,236522,1,6,"NW","YATES CENTER",37.93,-95.82,3755,9549
201005,37862,236529,1,8.31,"S","YATES CENTER",37.76,-95.74,3745,9544
201005,37862,236592,1,9.64,"W","VALEDA",37.04,-95.62,3702,9537
201005,37862,236592,2,9.24,"W","VALEDA",37.04,-95.62,3702,9537
201005,37862,236605,1,0,"N","FREDONIA",37.53,-95.82,3731,9549
201005,37862,236607,1,.99,"WSW","FREDONIA",37.53,-95.84,3731,9550
201005,37862,236607,2,0,"N","FREDONIA",37.53,-95.82,3731,9549
201005,37862,236614,1,0,"N","FREDONIA",37.53,-95.82,3731,9549
201005,37862,236619,1,4.37,"E","COYVILLE",37.68,-95.82,3740,9549
201005,37862,236621,1,.88,"NW","NEOSHO FALLS",38.01,-95.56,3800,9533
201005,37862,236624,1,.39,"W","(CNU)JOHNSON ARPT CH",37.67,-95.49,3740,9529
201005,37862,236625,1,4.69,"SSW","GODDARD",37.61,-97.62,3736,9737
201005,37862,236625,2,3.73,"SW","GODDARD",37.63,-97.62,3737,9737
201005,37862,236625,3,4.15,"SE","GARDEN PLAIN",37.62,-97.63,3737,9737
201005,37862,236625,4,5.29,"SSE","GARDEN PLAIN",37.6,-97.64,3736,9738
201005,37863,220260,1,6.65,"SE","MC COOK CULBERTSON A",40.02,-100.73,4001,10043
201005,37863,220261,1,6.32,"ESE","MC COOK CULBERTSON A",40.05,-100.7,4003,10042
201005,37864,220264,1,.87,"NW","HERNDON",39.91,-100.79,3954,10047
201005,37864,220265,1,2.33,"NNW","TRAER",39.96,-100.67,3957,10040
201005,37864,220266,1,10.78,"NNW","LUDELL",39.99,-101.06,3959,10103
201005,37864,220267,1,10.78,"NNW","LUDELL",39.99,-101.06,3959,10103
201005,37864,220268,1,10.38,"N","NORTON MUNI ARPT",40,-99.89,4000,9953
201005,37864,220269,1,2.07,"N","DRESDEN",39.65,-100.42,3939,10025
201005,37864,220271,1,0,"N","OAKLEY",39.13,-100.85,3907,10051
201005,37864,220272,1,0,"N","OAKLEY",39.13,-100.85,3907,10051
201005,37864,220273,1,.87,"NW","ORONOQUE",39.79,-100.04,3947,10002
201005,37864,220274,1,1.48,"SSW","NORTON MUNI ARPT",39.83,-99.91,3949,9954
201005,37864,220275,1,1.38,"N","HOXIE",39.37,-100.43,3922,10025
201005,37864,220276,1,1.6,"W","STUDLEY",39.35,-100.2,3921,10012
201005,37864,220278,1,6.11,"SW","BOGUE",39.3,-99.77,3918,9946
201005,37864,220280,1,.87,"SE","BOGUE",39.36,-99.69,3921,9941
201005,37864,220283,1,6,"SE","HILL CITY",39.31,-99.77,3918,9946
201005,37867,220289,1,2.4,"SSE","CHRISTMAS",28.5,-81,2830,8100
201005,37867,220290,1,.92,"NW","(COF)PATRICK AFB",28.24,-80.61,2814,8036
201005,37867,220292,1,6.04,"SSE","CHRISTMAS",28.45,-80.98,2827,8058
201005,37867,220295,1,1.84,"NW","MIMS",28.69,-80.85,2841,8051
201005,37867,220296,1,3.94,"WSW","PORT ST LUCIE",27.25,-80.38,2715,8022
201005,37867,220299,1,3.71,"W","SHARPES",28.42,-80.83,2825,8049
201005,37868,220293,1,2.21,"WSW","CANAN",40.46,-78.47,4027,7828
201005,37868,220297,1,.87,"SE","BELMONT",40.29,-78.87,4017,7852
201005,37868,220298,1,0,"N","JOHNSTOWN",40.33,-78.92,4019,7855
201005,37868,220305,1,1.54,"NW","SNYDERTOWN",40.39,-78.09,4023,7805
201005,37868,220866,1,0,"N","ROARING SPG",40.33,-78.4,4019,7824
201005,37868,220867,1,.53,"E","GRAY",40.13,-79.07,4007,7904
201005,37868,220868,1,0,"N","ELIZABETHVILLE",40.55,-76.82,4033,7649
201005,37868,220869,1,1.06,"W","CARLISLE",40.2,-77.2,4012,7712
201005,37868,220870,1,1.06,"W","CARLISLE",40.2,-77.2,4012,7712
201005,37868,220871,1,1.06,"W","CARLISLE",40.2,-77.2,4012,7712
201005,37868,220872,1,1.06,"W","CARLISLE",40.2,-77.2,4012,7712
201005,37868,220873,1,1.06,"W","CARLISLE",40.2,-77.2,4012,7712
201005,37868,220874,1,.87,"SW","MECHANICSBURG",40.21,-77.01,4012,7700
201005,37868,220875,1,2.76,"N","HOCKERSVILLE",40.16,-77.33,4009,7719
201005,37868,220876,1,.87,"SW","MECHANICSBURG",40.21,-77.01,4012,7700
201005,37868,220878,1,1.74,"SW","CLY",40.1,-76.75,4006,7645
201005,37868,220879,1,.69,"N","BAINBRIDGE",40.09,-76.67,4005,7640
201005,37868,220881,1,.69,"N","STARVIEW",40.06,-76.68,4003,7640
201005,37868,220883,1,1.26,"ESE","MARIETTA AFS",40.06,-76.55,4003,7633
201005,37868,220884,1,.69,"S","WRIGHTSVILLE",40.02,-76.53,4001,7631
201005,37868,220885,1,.69,"S","WRIGHTSVILLE",40.02,-76.53,4001,7631
201005,37868,220886,1,1.26,"ESE","MARIETTA AFS",40.06,-76.55,4003,7633
201005,37868,220887,1,.69,"N","BAINBRIDGE",40.09,-76.67,4005,7640
201005,37868,220888,1,0,"N","HALLAM",40,-76.6,4000,7636
201005,37868,220889,1,0,"N","COLUMBIA",40.03,-76.5,4001,7630
201005,37868,220890,1,1.06,"W","CARLISLE",40.2,-77.2,4012,7712
201005,37868,220891,1,.69,"N","MANCHESTER",40.06,-76.72,4003,7643
201005,37868,220892,1,.87,"SW","MANCHESTER",40.04,-76.73,4002,7643
201005,37868,220893,1,2.65,"W","CASHTOWN",39.88,-77.42,3952,7725
201005,37868,220894,1,.69,"N","MOUNTVILLE",40.04,-76.43,4002,7625
201005,37868,220895,1,.87,"NE","WEST LANCASTER",40.04,-76.34,4002,7620
201005,37764,219882,1,2.9,"SE","CLARKSVILLE",42.75,-92.63,4245,9237
201005,37764,219882,2,.95,"WSW","CLARKSVILLE",42.77,-92.69,4246,9241
201005,37764,219882,3,1.24,"E","CLARKSVILLE",42.78,-92.65,4246,9239
201005,37764,219882,4,2.62,"ESE","CLARKSVILLE",42.77,-92.62,4246,9237
201005,37764,222606,1,3,"S","COULTER",42.69,-93.37,4241,9322
201005,37764,224871,1,0,"N","WAVERLY",42.73,-92.48,4243,9228
201005,37771,219845,1,3.39,"W","BOUGHTON",33.86,-93.39,3351,9323
201005,37771,219845,2,1.86,"WNW","BOUGHTON",33.86,-93.36,3351,9321
201005,37771,219846,1,2.21,"NE","TEXARKANA",33.45,-94.02,3327,9401
201005,37771,219853,1,4.5,"SW","NORPHLET",33.27,-92.72,3316,9243
201005,37771,219854,1,.9,"SW","CROSSROADS",33.72,-93.74,3343,9344
201005,37771,219855,1,2.94,"WSW","HENRY",34.27,-93.98,3416,9358
201005,37771,219856,1,.57,"E","DIAN",33.8,-93.39,3348,9323
201005,37771,219857,1,0,"N","BLEVINS",33.87,-93.58,3352,9334
201005,37771,219858,1,0,"N","BLEVINS",33.87,-93.58,3352,9334
201005,37772,219847,1,1.34,"WNW","TEXARKANA",33.44,-94.07,3326,9404
201005,37772,219848,1,2.22,"SE","REDWATER",33.33,-94.22,3319,9413
201005,37772,219849,1,.69,"N","HENDERSON",32.16,-94.8,3209,9448
201005,37772,219850,1,1.83,"WSW","BIVINS",33.01,-94.2,3300,9412
201005,37772,219850,2,1.74,"WNW","BIVINS",33.02,-94.2,3301,9412
201005,37772,219851,1,3.61,"SW","BLOOMBURG",33.09,-94.06,3305,9403
201005,37772,219852,1,2.42,"WNW","BLOOMBURG",33.14,-94.06,3308,9403
201005,37772,219859,1,0,"N","REKLAW",31.83,-95,3149,9500
201005,37788,231584,1,6,"N","MOORELAND",36.53,-99.21,3631,9912
201005,37788,231585,1,5,"E","BLAIR",34.78,-99.24,3446,9914
201005,37788,231586,1,9,"S","FARGO",36.24,-99.62,3614,9937
201005,37788,231587,1,2.33,"WSW","TANGIER",36.41,-99.57,3624,9934
201005,37788,231588,1,6.61,"SSW","SWEETWATER",35.33,-99.95,3519,9957
201005,37788,231589,1,0,"N","GAGE",36.32,-99.76,3619,9945
201005,37788,231590,1,3,"N","DEMPSEY",35.55,-99.82,3533,9949
201005,37788,231596,1,5,"NNE","MADGE",34.97,-99.93,3458,9955
201005,37788,231597,1,11.41,"SSW","ERICK",35.05,-99.92,3503,9955
201005,37788,231598,1,5,"SW","SAYRE",35.25,-99.7,3515,9942
201005,37788,231599,1,2,"S","CARTER",35.19,-99.5,3511,9930
201005,37788,231600,1,3,"W","CARTER",35.22,-99.55,3513,9933
201005,37788,231601,1,5,"SSW","ELK CITY",35.34,-99.45,3520,9927
201005,37788,231602,1,9,"S","ELK CITY",35.28,-99.42,3516,9925
201005,37788,231603,1,4,"S","ELK CITY",35.35,-99.42,3521,9925
201005,37788,231607,1,4,"SW","CANUTE",35.38,-99.33,3522,9919
201005,37788,231608,1,4,"S","CANUTE",35.36,-99.28,3521,9916
201005,37788,231609,1,0,"S","FOSS",35.46,-99.17,3527,9910
201005,37788,231610,1,1,"WNW","BURNS FLAT",35.37,-99.2,3522,9912
201005,37788,231611,1,3,"N","BURNS FLAT",35.4,-99.18,3524,9910
201005,37788,231612,1,0,"N","ARAPAHO",35.58,-98.96,3534,9857
201005,37788,231613,1,3,"NE","CRAWFORD",35.86,-99.76,3551,9945
201005,37788,231614,1,2,"SW","ENID",36.38,-97.91,3622,9754
201005,37788,231616,1,0,"N","HILLSDALE",36.56,-97.99,3633,9759
201005,37788,231618,1,0,"N","HUNTER",36.56,-97.66,3633,9739
201005,37788,231620,1,4,"W","BLACKWELL",36.8,-97.35,3648,9721
201005,37788,231621,1,1,"N","BLACKWELL",36.81,-97.28,3648,9716
201005,37788,231622,1,3,"S","CHILOCCO",36.95,-97.07,3657,9704
201005,37788,231624,1,0,"N","(LTS)ALTUS AFB",34.66,-99.29,3439,9917
201005,37788,231626,1,0,"N","ALTUS",34.64,-99.33,3438,9919
201005,37554,236460,1,0,"N","CLERMONT",37.92,-85.65,3755,8539
201005,37554,236460,2,.75,"N","CLERMONT",37.93,-85.65,3755,8539
201005,37554,236460,3,.28,"W","LIMESTONE",37.93,-85.68,3755,8540
201005,37554,236460,4,.3,"WSW","LIMESTONE SPGS",37.92,-85.68,3755,8540
201005,37554,236464,1,5.92,"SE","HASKINGSVILLE",37.12,-85.33,3707,8519
201005,37554,236464,2,7.3,"SSE","HASKINGSVILLE",37.08,-85.34,3704,8520
201005,37554,236464,3,5.29,"S","HASKINGSVILLE",37.1,-85.38,3706,8522
201005,37554,236464,4,3.03,"S","HASKINGSVILLE",37.14,-85.4,3708,8524
201005,37554,236465,1,0,"N","WAYNESBURG",37.33,-84.68,3719,8440
201005,37554,236465,2,.44,"NNE","WAYNESBURG",37.34,-84.68,3720,8440
201005,37554,236465,3,.99,"ENE","WAYNESBURG",37.34,-84.66,3720,8439
201005,37554,236465,4,.72,"E","WAYNESBURG",37.33,-84.67,3719,8440
201005,37554,236468,1,2,"SSW","RICHMOND",37.72,-84.31,3743,8418
201005,37554,236468,2,2.03,"W","REEDS CROSSING",37.72,-84.26,3743,8415
201005,37554,236468,3,2.61,"NE","RICHMOND",37.77,-84.26,3746,8415
201005,37554,236468,4,1.8,"NW","RICHMOND",37.77,-84.32,3746,8419
201005,37554,236469,1,.63,"E","CAMPBELLSVILLE",37.33,-85.34,3719,8520
201005,37554,236469,2,.68,"E","CAMPBELLSVILLE",37.33,-85.34,3719,8520
201005,37554,236469,3,1,"ENE","CAMPBELLSVILLE",37.33,-85.33,3719,8519
201005,37554,236469,4,.97,"ENE","CAMPBELLSVILLE",37.33,-85.33,3719,8519
201005,37554,236470,1,1.21,"ESE","KIDDS STORE",37.41,-84.85,3724,8451
201005,37554,236470,2,.83,"ESE","KIDDS STORE",37.41,-84.86,3724,8451
201005,37554,236470,3,.86,"ESE","KIDDS STORE",37.42,-84.85,3725,8451
201005,37554,236470,4,1,"ESE","KIDDS STORE",37.42,-84.85,3725,8451
201005,37554,236478,1,0,"N","MC KINNEY",37.45,-84.77,3727,8446
201005,37554,236478,2,.61,"NE","MC KINNEY",37.46,-84.76,3727,8445
201005,37554,236478,3,1.17,"ENE","MC KINNEY",37.46,-84.75,3727,8445
201005,37554,236478,4,.91,"ESE","MC KINNEY",37.45,-84.75,3727,8445
201005,37554,236479,1,.79,"NW","LANCASTER",37.63,-84.59,3737,8435
201005,37554,236479,2,.84,"ENE","LANCASTER",37.63,-84.57,3737,8434
201005,37554,236479,3,.92,"SE","LANCASTER",37.61,-84.57,3736,8434
201005,37554,236479,4,.74,"SW","LANCASTER",37.61,-84.59,3736,8435
201005,37554,236482,1,2.1,"S","WEBSTER",37.85,-86.33,3751,8619
201005,37554,236482,2,1.51,"N","BASIN SPG",37.85,-86.3,3751,8618
201005,37554,236482,3,.59,"NW","BASIN SPG",37.84,-86.31,3750,8618
201005,37554,236482,4,1.61,"WNW","BASIN SPG",37.84,-86.33,3750,8619
201005,37554,236483,1,1.28,"SW","SPRING LICK",37.44,-86.59,3726,8635
201005,37554,236483,2,1.3,"SSE","SPRING LICK",37.43,-86.56,3725,8633
201005,37554,236483,3,1.78,"SSE","SPRING LICK",37.43,-86.56,3725,8633
201005,37554,236483,4,1.69,"N","NEAFUS",37.42,-86.58,3725,8634
201005,37554,236485,1,8.3,"WSW","HAYSVILLE",37.87,-86.4,3752,8624
201005,37554,236485,2,6.93,"WSW","HAYSVILLE",37.87,-86.37,3752,8622
201005,37554,236485,3,7.28,"WSW","HAYSVILLE",37.86,-86.38,3751,8622
201005,37554,236485,4,8.01,"WSW","HAYSVILLE",37.86,-86.39,3751,8623
201005,37554,236487,1,.62,"WNW","ELK HORN",37.32,-85.29,3719,8517
201005,37554,236487,2,.92,"N","ELK HORN",37.33,-85.28,3719,8516
201005,37554,236487,3,.9,"NE","ELK HORN",37.33,-85.27,3719,8516
201005,37554,236487,4,.05,"NNW","ELK HORN",37.32,-85.28,3719,8516
201005,37554,236490,1,1.06,"E","SOUTH PARK",38.13,-85.75,3807,8545
201005,37554,236490,2,.99,"W","MINOR LANE HGTS",38.13,-85.75,3807,8545
201005,37554,236490,3,1.32,"SW","MINOR LANE HGTS",38.12,-85.75,3807,8545
201005,37554,236490,4,1.46,"SW","MINOR LANE HGTS",38.12,-85.75,3807,8545
201005,37554,236492,1,1.77,"NW","GLASGOW",37,-85.92,3700,8555
201007,42377,247372,1,8.67,"WNW","MONTICELLO ARPT",37.97,-109.5,3758,10930
201007,42377,247372,2,6.31,"NW","MONTICELLO ARPT",38,-109.42,3800,10925
201006,39089,227010,1,3.63,"E","WIND POINT",42.78,-87.76,4246,8745
201006,39089,227015,1,3.25,"SE","NORTH POINT LTHOUSE",43.04,-87.89,4302,8753
201006,39095,227027,1,0,"N","OLD FAITHFUL",44.47,-110.83,4428,11049
201006,39096,227030,1,3.46,"SSE","PITCHFORK",44.05,-109.05,4403,10903
201006,39097,227039,1,.26,"SSW","TURNERVILLE",42.85,-110.88,4251,11052
201006,39097,239980,1,4,"NNE","THAYNE",42.97,-110.97,4258,11058
201006,39097,239981,1,1,"SE","THAYNE",42.91,-110.99,4254,11059
201006,39100,227052,1,1.21,"NNW","(ORL)ORLANDO EXEC AR",28.57,-81.34,2834,8120
201006,39103,227071,1,1.34,"NE","ASHTON",28.26,-81.24,2815,8114
201006,39103,227727,1,2.41,"NW","VERO BEACH AIRPARK",27.65,-80.56,2739,8033
201006,39107,238291,1,8,"WSW","LUSTRE",48.34,-106.06,4820,10603
201006,39107,238293,1,0,"N","LUSTRE",48.38,-105.9,4822,10554
201006,39107,238293,2,10,"E","LUSTRE",48.38,-105.68,4822,10540
201006,39107,238300,1,0,"N","WOLF PT",48.1,-105.65,4806,10539
201006,39107,238300,2,1,"N","POPLAR",48.11,-105.2,4806,10512
201006,39107,238301,1,2,"SE","POPLAR",48.08,-105.17,4804,10510
201006,39107,238304,1,3,"SE","POPLAR",48.07,-105.15,4804,10509
201006,39107,238306,1,22,"NNW","SIDNEY",47.99,-104.33,4759,10419
201006,39111,227099,1,.28,"W","MOUNTAIN PINE",34.57,-93.17,3434,9310
201006,39111,227100,1,2.06,"WSW","HAWES",34.54,-93.18,3432,9310
201006,39111,238335,1,2.41,"NW","PEARSON",35.45,-92.16,3527,9209
201006,39111,238474,1,0,"N","QUITMAN",35.38,-92.22,3522,9213
201006,39111,238502,1,1.38,"W","PULASKI",34.75,-92.34,3445,9220
201006,39111,238502,2,1.1,"W","PULASKI",34.75,-92.34,3445,9220
201006,39111,238502,3,1.14,"WSW","PULASKI",34.74,-92.34,3444,9220
201006,39111,238502,4,1.41,"WSW","PULASKI",34.74,-92.34,3444,9220
201006,39111,238503,1,3,"SE","STEPROCK",35.39,-91.64,3523,9138
201006,39111,238504,1,3,"SE","STEPROCK",35.39,-91.64,3523,9138
201006,39113,227105,1,.5,"E","OSAGE",43.28,-92.81,4316,9248
201006,39113,227107,1,.85,"SE","CHESTER",43.49,-92.36,4329,9221
201006,39113,227108,1,.5,"E","CRESCO MUNI ARPT",43.37,-92.12,4322,9207
201006,39113,236924,1,0,"N","ST ANSGAR",43.38,-92.93,4322,9255
201006,39119,227140,1,8.46,"WSW","SELDEN",39.49,-100.72,3929,10043
201006,39119,227142,1,.69,"N","SELDEN",39.54,-100.57,3932,10034
201006,39119,227143,1,6.39,"W","LEOVILLE",39.58,-100.57,3934,10034
201006,39119,227144,1,0,"N","DRESDEN",39.62,-100.42,3937,10025
201006,39119,227146,1,.53,"W","OBERLIN",39.82,-100.53,3949,10031
201006,39121,227156,1,2.53,"WSW","MAX",40.1,-101.44,4006,10126
201006,39121,227158,1,3.19,"NNE","MAX",40.16,-101.37,4009,10122
201006,39121,227159,1,0,"N","STRATTON",40.15,-101.23,4009,10113
201006,39124,227169,1,7.26,"NNE","BURLINGTON ARPT",39.41,-102.21,3924,10212
201006,39124,227170,1,6.93,"N","BURLINGTON ARPT",39.42,-102.27,3925,10216
201006,39124,227217,1,4.01,"N","PECONIC",39.38,-102.13,3922,10207
201006,39125,227173,1,8.31,"N","GOODLAND ARPT",39.49,-101.71,3929,10142
201006,39125,227174,1,7.6,"S","RULETON",39.22,-101.88,3913,10152
201006,39125,227175,1,6.91,"N","BIRD CITY",39.85,-101.53,3951,10131
201006,39125,227176,1,0,"N","BIRD CITY",39.75,-101.53,3945,10131
201006,39126,227171,1,6.13,"NNE","COLFER",40.11,-101.82,4006,10149
201006,39126,227172,1,1.26,"ENE","PARKS",40.06,-101.7,4003,10142
201006,39132,227218,1,9.38,"NNE","AROYA",38.98,-103.08,3858,10304
201006,39133,227219,1,0,"N","YUMA ARPT",40.1,-102.72,4006,10243
201006,39133,227220,1,0,"N","YUMA",40.12,-102.72,4007,10243
201006,39134,227222,1,0,"N","CLARION",42.73,-93.73,4243,9343
201006,39134,227223,1,0,"N","WALLINGFORD",43.33,-94.83,4319,9449
201006,39134,227320,1,.5,"E","WELLINGFORD",43.32,-94.79,4319,9447
201006,39134,227320,2,.56,"ESE","WELLINGFORD",43.32,-94.79,4319,9447
201006,39134,227320,3,1.22,"ESE","WELLINGFORD",43.32,-94.78,4319,9446
201006,39134,227320,4,1.09,"E","WELLINGFORD",43.32,-94.78,4319,9446
201006,39134,227323,1,.5,"E","WELLINGFORD",43.32,-94.79,4319,9447
201006,39134,227323,2,.3,"NNE","WELLINGFORD",43.32,-94.8,4319,9448
201006,39134,227323,3,.19,"SE","WELLINGFORD",43.32,-94.8,4319,9448
201006,39134,227323,4,.55,"ESE","WELLINGFORD",43.32,-94.79,4319,9447
201006,39134,227324,1,1.02,"NW","HUMBOLDT MUNI ARPT",42.74,-94.26,4244,9415
201006,39134,227324,2,1.02,"S","HUMBOLDT MUNI ARPT",42.72,-94.25,4243,9415
201006,39134,227324,3,1.37,"ESE","DAKOTA CITY",42.71,-94.19,4242,9411
201006,39134,227324,4,2.63,"NE","DAKOTA CITY",42.74,-94.18,4244,9410
201006,39134,227326,1,2.13,"SSW","SILVER LAKE",43.45,-93.38,4327,9322
201006,39134,227328,1,1.22,"SE","DOLLIVER",43.46,-94.61,4327,9436
201006,39134,227329,1,1.71,"SE","ESTHERVILLE",43.4,-94.83,4324,9449
201006,39134,227330,1,0,"N","LAKE MILLS",43.42,-93.53,4325,9331
201006,39134,227333,1,.5,"E","TENOLD",43.42,-93.39,4325,9323
201006,39134,227334,1,0,"N","AREDALE",42.83,-93,4249,9300
201006,39134,227337,1,0,"N","ALGONA",43.07,-94.23,4304,9413
201006,39134,227339,1,.69,"N","DOWS",42.66,-93.5,4239,9330
201006,39134,227341,1,1.22,"NE","GRAETTINGER",43.24,-94.75,4314,9445
201006,39134,227343,1,1.22,"SE","EMMETSBURG",43.11,-94.68,4306,9440
201006,39134,227345,1,0,"N","NEVADA",42.02,-93.45,4201,9327
201006,39134,227346,1,2.07,"N","WALLINGFORD",43.36,-94.83,4321,9449
201006,39134,227348,1,2.32,"NNW","ORALABOR",41.76,-93.65,4145,9339
201006,39134,227349,1,.86,"NW","OAKLAND",42.59,-93.44,4235,9326
201006,39134,227352,1,.69,"N","OAKLAND",42.59,-93.43,4235,9325
201006,39134,227353,1,.51,"W","POPEJOY",42.6,-93.43,4236,9325
201006,39134,227354,1,.86,"SW","AMES",42.02,-93.63,4201,9337
201006,39134,227358,1,1.02,"E","DAKOTA CITY",42.72,-94.2,4243,9412
201006,39134,227362,1,.69,"N","FT DODGE",42.51,-94.18,4230,9410
201006,39134,227363,1,.69,"S","INDIANOLA",41.36,-93.57,4121,9334
201006,39134,227365,1,4.02,"NNE","DALLAS CENTER",41.73,-93.93,4143,9355
201006,39134,227370,1,5.55,"N","WELLSBURG",42.51,-92.91,4230,9254
201006,39134,227371,1,5.64,"W","IOWA FALLS",42.51,-93.38,4230,9322
201006,39134,227373,1,3.49,"N","NEW HARTFORD",42.62,-92.63,4237,9237
201006,39134,227374,1,.69,"S","STEAMBOAT ROCK",42.41,-93.07,4224,9304
201006,39134,227376,1,.69,"N","(OTM)OTTUMWA INDSTRL",41.11,-92.45,4106,9227
201006,39134,227382,1,0,"N","CLARION",42.73,-93.73,4243,9343
201006,39134,227463,1,2.4,"S","HOLMES",42.7,-93.83,4242,9349
201006,39134,227463,2,1.51,"E","FLORENCE",42.78,-93.84,4246,9350
201006,39134,227463,3,2.44,"NNW","CORNELIA",42.81,-93.7,4248,9342
201006,39134,227463,4,2.49,"SE","CLARION",42.71,-93.69,4242,9341
201006,39134,234432,1,2.67,"WSW","GRINNELL",41.73,-92.78,4143,9246
201006,39134,236012,1,0,"N","POMEROY",42.55,-94.68,4233,9440
201006,39150,227305,1,4,"WSW","LAURA",40.9,-89.9,4054,8954
201006,39150,227307,1,2,"E","PRINCEVILLE",40.93,-89.71,4055,8942
201006,39150,227309,1,4,"W","PEORIA",40.7,-89.68,4042,8940
201006,39150,227310,1,0,"N","MT ZION",39.77,-88.88,3946,8852
201006,39150,227331,1,1.34,"N","BLYTON",40.59,-90.27,4035,9016
201006,39150,227331,2,1.08,"SSE","FARMINGTON",40.68,-89.99,4040,8959
201006,39150,227336,1,2,"NE","CUBA",40.52,-90.17,4031,9010
201006,39150,227344,1,2.95,"NNE","SPRING BAY",40.86,-89.5,4051,8930
201006,39150,227347,1,3,"W","EUREKA",40.72,-89.33,4043,8919
201006,39150,227351,1,3,"WNW","ARMINGTON",40.35,-89.35,4021,8921
201006,39296,241381,1,.88,"N","SHIP BOTTOM",39.64,-74.18,3938,7410
201006,39296,241382,1,0,"N","LAVALLETTE",39.97,-74.07,3958,7404
201006,39298,228239,1,1.51,"SSE","JACKSONVILLE",30.33,-81.66,3019,8139
201006,39298,228239,2,1.73,"SSE","JACKSONVILLE",30.33,-81.65,3019,8139
201006,39298,228239,3,1.07,"WSW","LAKE FOREST",30.35,-81.65,3021,8139
201006,39298,228239,4,.18,"ENE","JACKSONVILLE",30.35,-81.67,3021,8140
201006,39298,228242,1,.6,"W","FRUIT COVE",30.1,-81.64,3006,8138
201006,39298,228243,1,.91,"SW","EGGLESTON HGTS",30.34,-81.61,3020,8136
201006,39298,228244,1,.69,"N","GREENLAND",30.18,-81.55,3010,8133
201006,39298,228247,1,.12,"WNW","BELLAIR",30.17,-81.72,3010,8143
201006,39298,228248,1,0,"N","ORANGE PARK",30.17,-81.7,3010,8142
201006,39298,228253,1,2.27,"NW","ROCHELLE",29.62,-82.26,2937,8215
201006,39298,228254,1,.4,"N","HIBERNIA",30.08,-81.7,3004,8142
201006,39298,228257,1,.91,"NW","HIBERNIA",30.08,-81.71,3004,8142
201006,39300,228256,1,.98,"ESE","GALESVILLE",44.07,-91.33,4404,9119
201006,39300,228259,1,0,"N","ETTRICK",44.17,-91.27,4410,9116
201006,39300,228269,1,.99,"W","CREAM",44.32,-91.79,4419,9147
201006,39300,228269,2,1.3,"E","CREAM",44.32,-91.74,4419,9144
201006,39300,228274,1,0,"N","NORTHFIELD",44.47,-91.1,4428,9106
201006,39300,228281,1,.49,"W","MERRILLAN",44.45,-90.84,4427,9050
201006,39300,228282,1,0,"N","TAYLOR",44.32,-91.12,4419,9107
201006,39300,238359,1,0,"N","BLUE RIVER",43.18,-90.57,4310,9034
201006,39300,239293,1,3,"NW","FOUNTAIN CITY",44.16,-91.76,4409,9145
201006,39301,228261,1,2.38,"NNW","MYRA",31.76,-82.39,3145,8223
201006,39301,228263,1,2.45,"ENE","HUFFER",31.58,-82.76,3134,8245
201006,39301,228264,1,2.12,"NNW","BAXLEY",31.8,-82.36,3148,8221
201006,39304,228283,1,1.78,"E","FOLKSTON",30.83,-81.99,3049,8159
201006,39304,228284,1,.91,"SE","HOMELAND",30.84,-82.01,3050,8200
201006,39304,228285,1,1.19,"E","FOLKSTON",30.83,-82,3049,8200
201006,39304,228286,1,1.91,"ESE","HOMELAND",30.84,-81.99,3050,8159
201006,39304,228287,1,3.15,"NE","KINGSLAND",30.83,-81.64,3049,8138
201006,39304,228288,1,2.25,"SE","SEALS",30.85,-81.67,3051,8140
201006,39305,228289,1,.6,"E","JACKSONVILLE",30.35,-81.66,3021,8139
201006,39305,228289,2,2.83,"SSW","JACKSONVILLE",30.31,-81.68,3018,8140
201006,39305,228289,3,1.75,"SSE","JACKSONVILLE",30.33,-81.66,3019,8139
201006,39305,228289,4,1.51,"SSE","JACKSONVILLE",30.33,-81.66,3019,8139
201006,39305,228290,1,2.83,"SSW","JACKSONVILLE",30.31,-81.68,3018,8140
201006,39311,228407,1,3,"SE","ELK MNT",41.65,-106.38,4139,10622
201006,39311,228407,2,3,"SW","ELK MNT",41.65,-106.46,4139,10627
201006,39311,228407,3,3,"W","ELK MNT",41.68,-106.48,4140,10628
201006,39311,228407,4,2,"E","ELK MNT",41.68,-106.38,4140,10622
201006,39311,228409,1,1.4,"ENE","SARATOGA",41.46,-106.8,4127,10648
201006,39311,228409,2,1.4,"ESE","SARATOGA",41.44,-106.8,4126,10648
201006,39311,228409,3,.7,"ESE","SARATOGA",41.45,-106.81,4127,10648
201006,39311,228409,4,.7,"ENE","SARATOGA",41.45,-106.81,4127,10648
201006,39314,228416,1,0,"N","LARAMIE",41.32,-105.58,4119,10534
201006,39314,228417,1,3,"SE","LARAMIE",41.29,-105.54,4117,10532
201006,39314,228418,1,0,"NW","LARAMIE",41.32,-105.58,4119,10534
201006,39314,228419,1,0,"N","RAWLINS",41.78,-107.25,4146,10715
201006,39314,228420,1,0,"N","ELK MNT",41.68,-106.42,4140,10625
201006,39314,228421,1,0,"N","CHEYENNE",41.13,-104.82,4107,10449
201006,39314,228422,1,1,"S","CHEYENNE",41.12,-104.82,4107,10449
201006,39314,228423,1,29,"NNW","CHEYENNE",41.52,-105.03,4131,10501
201006,39314,228425,1,0,"N","ROCK RIVER",41.73,-105.98,4143,10558
201006,39314,228426,1,0,"N","LARAMIE BREESE ARPT",41.32,-105.67,4119,10540
201006,39316,228429,1,24,"NE","BRIDGEPORT",41.92,-102.77,4155,10246
201006,39316,228432,1,5,"S","BRIDGEPORT",41.6,-103.1,4136,10306
201006,39316,228433,1,3,"SSW","BROADWATER",41.56,-102.87,4133,10252
201006,39316,228436,1,9,"S","BROADWATER",41.47,-102.85,4128,10251
201006,39316,228438,1,15,"E","DALTON",41.42,-102.69,4125,10241
201006,39318,228452,1,5.7,"N","BURLINGTON ARPT",39.4,-102.27,3924,10216
201006,39318,228452,2,2.05,"ENE","BURLINGTON",39.31,-102.23,3918,10213
201006,39319,228444,1,1.22,"WNW","CARUSO",39.34,-101.8,3920,10148
201006,39319,228445,1,3.01,"WNW","RULETON",39.35,-101.93,3921,10155
201006,39319,228446,1,.53,"E","GOODLAND",39.35,-101.71,3921,10142
201006,39319,228448,1,.68,"SSE","WINONA",39.06,-101.24,3903,10114
201006,39322,228454,1,2.56,"WNW","SALIS",38.85,-102.31,3851,10218
201006,39324,228459,1,11.03,"SSW","CARLTON",38.68,-102.17,3840,10210
201006,39325,228461,1,0,"N","LANCE CREEK",43.03,-104.67,4301,10440
201006,39325,228462,1,3,"W","LANCE CREEK",43.03,-104.73,4301,10443
201006,39325,228464,1,10,"N","LUSK",42.91,-104.45,4254,10427
201006,39325,228465,1,0,"N","HARTVILLE",42.32,-104.73,4219,10443
201006,39325,228469,1,0,"N","HARTVILLE",42.32,-104.73,4219,10443
201006,39325,228471,1,0,"N","HARTVILLE",42.32,-104.73,4219,10443
201006,39325,228472,1,3,"NNE","GUERNSEY",42.31,-104.71,4218,10442
201006,39325,228473,1,1,"E","HARTVILLE",42.32,-104.71,4219,10442
201006,39325,228474,1,5,"N","VAN TASSELL",42.74,-104.1,4244,10406
201006,39325,228476,1,7,"NE","LUSK",42.84,-104.35,4250,10421
201006,39325,228479,1,10,"N","TORRINGTON",42.21,-104.18,4212,10410
201006,39325,228481,1,8,"N","BURNS",41.3,-104.37,4118,10422
201006,39325,228482,1,0,"N","LA GRANGE",41.63,-104.17,4137,10410
201006,39328,228488,1,1.25,"SSW","SPANISH CAMP",29.38,-96.18,2922,9610
201006,39329,228484,1,10,"NW","HARRISON",42.78,-104.01,4246,10400
201006,39329,228486,1,4,"NW","HARRISON",42.72,-103.93,4243,10355
201006,39329,228490,1,0,"N","HARRISON",42.68,-103.87,4240,10352
201006,39329,228491,1,0,"N","HARRISON",42.68,-103.87,4240,10352
201006,39329,228494,1,8.18,"SW","JODER",42.76,-103.66,4245,10339
201006,39329,228495,1,4,"WSW","GLEN",42.58,-103.64,4234,10338
201006,39329,228499,1,14.95,"E","PORTER",42.01,-103.66,4200,10339
201006,39329,228502,1,7,"N","HEMINGFORD",42.42,-103.07,4225,10304
201006,39329,228504,1,3.44,"NW","PORTER",42.07,-103.99,4204,10359
201006,39329,228507,1,4.15,"WSW","PORTER",42,-104.02,4200,10401
201006,39329,228509,1,3.71,"NW","PORTER",42.06,-104.01,4203,10400
201006,39329,228515,1,2.17,"WSW","PORTER",42.02,-103.99,4201,10359
201006,39329,228517,1,0,"N","MORRILL",41.97,-103.93,4158,10355
201006,39329,228523,1,1,"ESE","MORRILL",41.96,-103.91,4157,10354
201006,39329,228524,1,2.07,"SE","PORTER",42.01,-103.92,4200,10355
201006,39329,228526,1,2,"NNW","MORRILL",42,-103.94,4200,10356
201006,39329,228528,1,1,"N","MORRILL",41.98,-103.93,4158,10355
201006,39150,227357,1,3,"E","MACKINAW",40.53,-89.29,4031,8917
201006,39150,227361,1,2,"ESE","MACKINAW",40.52,-89.31,4031,8918
201006,39150,227368,1,3,"E","WASHINGTON",40.7,-89.34,4042,8920
201006,39150,227372,1,5,"NNE","EUREKA",40.79,-89.23,4047,8913
201006,39150,227380,1,1.06,"WNW","SPRINGFIELD",39.8,-89.67,3948,8940
201006,39150,227384,1,0,"W","MINONK",40.9,-89.03,4054,8901
201006,39150,227387,1,1.48,"SSW","JEROME",39.73,-89.71,3943,8942
201006,39150,227391,1,0,"S","TOWANDA",40.57,-88.9,4034,8854
201006,39150,227394,1,2,"W","DANVERS",40.53,-89.21,4031,8912
201006,39150,246369,1,2.14,"WNW","RIO",41.13,-90.44,4107,9026
201006,39150,246369,2,1.99,"NNW","VICTORIA",41.06,-90.12,4103,9007
201006,39150,246369,3,3.05,"NNE","MAQUON",40.84,-90.15,4050,9009
201006,39150,246369,4,2.55,"WNW","ABINGDON",40.82,-90.44,4049,9026
201006,39150,246375,1,1.84,"SSE","ELMORE",40.92,-89.97,4055,8958
201006,39150,246375,2,4.35,"NW","EDELSTEIN",40.97,-89.69,4058,8941
201006,39150,246375,3,3.99,"NE","NORTH CHILLICOTHE",40.97,-89.45,4058,8927
201006,39150,246375,4,.51,"S","EDGEWATER TERRACE",40.86,-89.52,4051,8931
201006,39150,246375,5,.51,"N","ELMWOOD",40.79,-89.97,4047,8958
201006,39151,227350,1,4.74,"SW","KEMPTON",47.77,-97.69,4746,9741
201006,39654,239148,1,.69,"S","BERWICK",48.36,-100.25,4821,10015
201006,39654,239152,1,2.39,"E","BURLINGTON",48.28,-101.37,4816,10122
201006,39654,239152,2,3.99,"ENE","(MOT)MINOT INTL ARPT",48.3,-101.2,4818,10112
201006,39654,239152,3,5.45,"WNW","SAWYER",48.12,-101.16,4807,10109
201006,39654,239152,4,5.8,"NW","SOUTH PRAIRIE",48.12,-101.38,4807,10122
201006,39654,239160,1,0,"N","FESSENDEN",47.65,-99.62,4739,9937
201006,39658,230479,1,14.41,"SSW","GILLETTE",44.09,-105.6,4405,10536
201006,39658,239718,1,3.15,"SSE","GILLETTE",44.25,-105.48,4415,10528
201006,39659,230482,1,13.33,"W","RECLUSE",44.71,-105.97,4442,10558
201006,39660,230483,1,3.27,"SW","USTA",45.19,-102.22,4511,10213
201006,39660,230484,1,4.55,"WNW","USTA",45.25,-102.26,4515,10215
201006,39660,230486,1,6.59,"SE","BISON",45.44,-102.39,4526,10223
201006,39660,230584,1,6.76,"W","FAITH",45.02,-102.17,4501,10210
201006,39661,230487,1,3,"NE","RED ELM",45.08,-101.73,4504,10143
201006,39661,230488,1,0,"N","RED ELM",45.05,-101.77,4503,10146
201006,39661,230491,1,1.96,"W","DUPREE",45.05,-101.62,4503,10137
201006,39661,230492,1,3.91,"W","THUNDER BUTTE",45.23,-101.73,4513,10143
201006,39661,230585,1,.36,"NE","RED ELM",45.05,-101.76,4503,10145
201006,39661,230586,1,3.33,"W","DUPREE",45.05,-101.65,4503,10139
201006,39661,230588,1,3.33,"W","DUPREE",45.05,-101.65,4503,10139
201006,39661,230591,1,.8,"WNW","DUPREE",45.06,-101.59,4503,10135
201006,39661,239707,1,1.36,"NNE","DUPREE",45.07,-101.57,4504,10134
201006,39661,239708,1,1.32,"NNE","DUPREE",45.07,-101.57,4504,10134
201006,39661,247420,1,7,"S","RED ELM",44.95,-101.77,4457,10146
201006,39661,247439,1,2.76,"S","RED ELM",45.01,-101.77,4500,10146
201006,39661,247443,1,4.58,"ESE","RED ELM",45.03,-101.68,4501,10140
201006,39661,247443,2,3.57,"W","DUPREE",45.06,-101.65,4503,10139
201006,39661,247444,1,1.88,"WSW","DUPREE",45.04,-101.61,4502,10136
201006,39661,247444,2,1.44,"WNW","DUPREE",45.06,-101.61,4503,10136
201006,39661,247445,1,1.57,"WNW","DUPREE",45.06,-101.61,4503,10136
201006,39661,247446,1,4.03,"NW","DUPREE",45.09,-101.64,4505,10138
201006,39662,230493,1,7.5,"W","PROVO",43.16,-104,4309,10400
201006,39662,230494,1,4,"SE","EDGEMONT",43.26,-103.77,4315,10346
201006,39662,230495,1,0,"N","HOT SPGS",43.43,-103.48,4325,10328
201006,39662,230496,1,4.09,"SW","SMITHWICK",43.26,-103.28,4315,10316
201006,39662,230497,1,12.72,"ESE","FAIRBURN",43.62,-102.98,4337,10258
201006,39663,230499,1,2.56,"SSE","PIEDMONT",44.2,-103.35,4412,10321
201006,39663,230500,1,16.3,"E","STURGIS",44.42,-103.17,4425,10310
201006,39664,230502,1,6.29,"SE","CREIGHTON",44.18,-102.12,4410,10207
201006,39664,230503,1,13.8,"NE","CREIGHTON",44.4,-102.01,4424,10200
201006,39665,230528,1,15.19,"NW","EDGEMONT",43.47,-104.02,4328,10401
201006,39665,230529,1,5.15,"SW","HOT SPGS",43.37,-103.54,4322,10332
201006,39665,230530,1,.37,"SSW","HOT SPGS",43.43,-103.48,4325,10328
201006,39666,230533,1,5.9,"NNE","POTATO CREEK",43.6,-101.94,4336,10156
201006,39666,247467,1,5,"W","WANBLEE",43.57,-101.77,4334,10146
201006,39666,247468,1,11.3,"ESE","SCENIC",43.69,-102.36,4341,10221
201006,39666,247469,1,11.3,"ESE","SCENIC",43.69,-102.36,4341,10221
201006,39667,230534,1,11.5,"N","PORCUPINE",43.4,-102.33,4324,10219
201006,39670,230538,1,0,"N","WIND CAVE",43.55,-103.48,4333,10328
201006,39670,230543,1,10.13,"E","BUFFALO GAP",43.48,-103.12,4328,10307
201006,39671,230549,1,0,"N","PROVO",43.18,-103.85,4310,10351
201006,39671,230553,1,2.2,"NNW","HOT SPGS MUNI ARPT",43.4,-103.4,4324,10324
201006,39671,230555,1,12.07,"SSW","ANGOSTURA RESERVOIR",43.19,-103.52,4311,10331
201006,39671,230557,1,12.6,"W","OGLALA",43.18,-103,4310,10300
201006,39671,230558,1,1,"S","MANDERSON",43.22,-102.48,4313,10228
201006,39674,230611,1,1.74,"NW","BRENTWOOD",40.39,-79.99,4023,7959
201006,39674,230611,2,1.38,"WNW","BRENTWOOD",40.38,-79.99,4022,7959
201006,39674,230611,3,1.54,"E","MT LEBANON",40.38,-80,4022,8000
201006,39674,230611,4,1.89,"NW","BRENTWOOD",40.39,-79.99,4023,7959
201006,39674,230613,1,.53,"W","WHITAKER",40.4,-79.89,4024,7953
201006,39674,230613,2,.69,"S","RANKIN",40.41,-79.88,4024,7952
201006,39674,230613,3,.6,"NNE","WHITAKER",40.41,-79.87,4024,7952
201006,39674,230613,4,.35,"W","WHITAKER",40.4,-79.89,4024,7953
201006,39674,230616,1,.52,"E","PETROLIA",41.02,-79.72,4101,7943
201006,39674,230617,1,.87,"SW","BOYERS",41.11,-79.93,4106,7955
201006,39674,230621,1,1.24,"WNW","CLIFF MINE",40.46,-80.22,4027,8013
201006,39674,230621,2,.65,"NNE","CLIFF MINE",40.46,-80.19,4027,8011
201006,39674,230621,3,.58,"ENE","CLIFF MINE",40.45,-80.19,4027,8011
201006,39674,230621,4,1.05,"W","CLIFF MINE",40.45,-80.22,4027,8013
201006,39677,230622,1,0,"NW","CHATTANOOGA",35.05,-85.28,3503,8516
201006,39677,241578,1,0,"N","SODDY DAISY",35.28,-85.17,3516,8510
201006,39678,230623,1,.52,"ESE","MOUNDSVILLE",39.92,-80.72,3955,8043
201006,39678,230623,2,.54,"NE","MOUNDSVILLE",39.93,-80.72,3955,8043
201006,39678,230623,3,1.08,"W","MOUNDSVILLE",39.92,-80.75,3955,8045
201006,39678,230623,4,1.14,"WSW","MOUNDSVILLE",39.91,-80.75,3954,8045
201006,39678,230628,1,1.95,"E","MOUNDSVILLE",39.91,-80.69,3954,8041
201006,39678,230628,2,2.07,"WSW","LIMESTONE",39.92,-80.69,3955,8041
201006,39678,230628,3,2.03,"WSW","LIMESTONE",39.92,-80.69,3955,8041
201006,39678,230628,4,2.06,"ESE","MOUNDSVILLE",39.91,-80.69,3954,8041
201006,39678,230629,1,1.96,"NNE","NEWDALE",39.7,-80.7,3942,8042
201006,39678,230629,2,1.26,"ENE","NEWDALE",39.68,-80.7,3940,8042
201006,39678,230629,3,1.42,"W","WEST",39.68,-80.7,3940,8042
201006,39678,230629,4,2.01,"NNE","NEWDALE",39.7,-80.7,3942,8042
201006,39678,230632,1,.53,"W","MOUNDSVILLE",39.92,-80.74,3955,8044
201006,39678,230633,1,.87,"NW","NEW MARTINSVILLE",39.66,-80.86,3939,8051
201006,39679,230630,1,4,"W","SHARPS CHAPEL",36.35,-83.87,3621,8352
201006,39679,230634,1,3,"NW","JEFFERSON CITY",36.15,-83.52,3609,8331
201006,39679,230635,1,0,"N","KNOXVILLE",35.97,-83.93,3558,8355
201006,39679,241733,1,0,"N","JEFFERSON CITY",36.12,-83.48,3607,8328
201006,39681,230640,1,0,"NW","KINGSPORT",36.55,-82.55,3633,8233
201006,39681,230641,1,0,"S","SHADY VLY",36.52,-81.92,3631,8155
201006,39681,230642,1,2,"SW","ELIZABETHTON",36.33,-82.25,3619,8215
201006,39681,230644,1,3,"W","JOHNSON CITY",36.32,-82.4,3619,8224
201006,39681,230647,1,7,"SE","ELIZABETHTON",36.28,-82.13,3616,8207
201006,39681,230648,1,0,"S","UNICOI",36.2,-82.35,3612,8221
201006,39681,241755,1,0,"N","BRISTOL",36.58,-82.18,3634,8210
201006,39681,242610,1,0,"N","MOUNTAIN CITY",36.48,-81.8,3628,8148
201006,39682,230643,1,.53,"W","SUMMERFIELD",39.8,-81.34,3948,8120
